{
    "accuracy": 0.22857142857142856,
    "precision_weighted": 0.2357142857142857,
    "recall_weighted": 0.22857142857142856,
    "f1_weighted": 0.22857142857142854,
    "cross_val_scores": {
        "mean": 0.19763975155279503,
        "std": 0.024073111124605865,
        "scores": [
            0.18571428571428572,
            0.2,
            0.24285714285714285,
            0.18571428571428572,
            0.17391304347826086
        ]
    },
    "classification_report": {
        "0": {
            "precision": 0.0,
            "recall": 0.0,
            "f1-score": 0.0,
            "support": 0
        },
        "1": {
            "precision": 0.0,
            "recall": 0.0,
            "f1-score": 0.0,
            "support": 2
        },
        "2": {
            "precision": 0.0,
            "recall": 0.0,
            "f1-score": 0.0,
            "support": 0
        },
        "4": {
            "precision": 0.0,
            "recall": 0.0,
            "f1-score": 0.0,
            "support": 0
        },
        "6": {
            "precision": 0.7777777777777778,
            "recall": 0.7777777777777778,
            "f1-score": 0.7777777777777778,
            "support": 9
        },
        "8": {
            "precision": 0.0,
            "recall": 0.0,
            "f1-score": 0.0,
            "support": 0
        },
        "9": {
            "precision": 0.0,
            "recall": 0.0,
            "f1-score": 0.0,
            "support": 0
        },
        "10": {
            "precision": 0.0,
            "recall": 0.0,
            "f1-score": 0.0,
            "support": 1
        },
        "11": {
            "precision": 0.0,
            "recall": 0.0,
            "f1-score": 0.0,
            "support": 1
        },
        "12": {
            "precision": 0.0,
            "recall": 0.0,
            "f1-score": 0.0,
            "support": 1
        },
        "13": {
            "precision": 0.5,
            "recall": 0.5,
            "f1-score": 0.5,
            "support": 2
        },
        "18": {
            "precision": 1.0,
            "recall": 1.0,
            "f1-score": 1.0,
            "support": 1
        },
        "20": {
            "precision": 1.0,
            "recall": 1.0,
            "f1-score": 1.0,
            "support": 1
        },
        "22": {
            "precision": 0.0,
            "recall": 0.0,
            "f1-score": 0.0,
            "support": 1
        },
        "23": {
            "precision": 0.0,
            "recall": 0.0,
            "f1-score": 0.0,
            "support": 1
        },
        "24": {
            "precision": 0.0,
            "recall": 0.0,
            "f1-score": 0.0,
            "support": 0
        },
        "26": {
            "precision": 0.0,
            "recall": 0.0,
            "f1-score": 0.0,
            "support": 0
        },
        "27": {
            "precision": 0.0,
            "recall": 0.0,
            "f1-score": 0.0,
            "support": 1
        },
        "28": {
            "precision": 0.0,
            "recall": 0.0,
            "f1-score": 0.0,
            "support": 0
        },
        "30": {
            "precision": 1.0,
            "recall": 1.0,
            "f1-score": 1.0,
            "support": 1
        },
        "31": {
            "precision": 0.0,
            "recall": 0.0,
            "f1-score": 0.0,
            "support": 0
        },
        "32": {
            "precision": 0.0,
            "recall": 0.0,
            "f1-score": 0.0,
            "support": 1
        },
        "36": {
            "precision": 1.0,
            "recall": 1.0,
            "f1-score": 1.0,
            "support": 1
        },
        "37": {
            "precision": 0.0,
            "recall": 0.0,
            "f1-score": 0.0,
            "support": 2
        },
        "39": {
            "precision": 0.0,
            "recall": 0.0,
            "f1-score": 0.0,
            "support": 0
        },
        "42": {
            "precision": 0.0,
            "recall": 0.0,
            "f1-score": 0.0,
            "support": 1
        },
        "43": {
            "precision": 0.0,
            "recall": 0.0,
            "f1-score": 0.0,
            "support": 0
        },
        "45": {
            "precision": 0.0,
            "recall": 0.0,
            "f1-score": 0.0,
            "support": 1
        },
        "46": {
            "precision": 0.0,
            "recall": 0.0,
            "f1-score": 0.0,
            "support": 1
        },
        "51": {
            "precision": 0.0,
            "recall": 0.0,
            "f1-score": 0.0,
            "support": 0
        },
        "53": {
            "precision": 0.0,
            "recall": 0.0,
            "f1-score": 0.0,
            "support": 2
        },
        "55": {
            "precision": 1.0,
            "recall": 0.5,
            "f1-score": 0.6666666666666666,
            "support": 2
        },
        "56": {
            "precision": 0.0,
            "recall": 0.0,
            "f1-score": 0.0,
            "support": 3
        },
        "57": {
            "precision": 0.0,
            "recall": 0.0,
            "f1-score": 0.0,
            "support": 1
        },
        "59": {
            "precision": 0.0,
            "recall": 0.0,
            "f1-score": 0.0,
            "support": 0
        },
        "60": {
            "precision": 0.0,
            "recall": 0.0,
            "f1-score": 0.0,
            "support": 1
        },
        "61": {
            "precision": 0.0,
            "recall": 0.0,
            "f1-score": 0.0,
            "support": 0
        },
        "62": {
            "precision": 0.0,
            "recall": 0.0,
            "f1-score": 0.0,
            "support": 0
        },
        "63": {
            "precision": 0.0,
            "recall": 0.0,
            "f1-score": 0.0,
            "support": 2
        },
        "67": {
            "precision": 0.0,
            "recall": 0.0,
            "f1-score": 0.0,
            "support": 1
        },
        "68": {
            "precision": 0.0,
            "recall": 0.0,
            "f1-score": 0.0,
            "support": 1
        },
        "69": {
            "precision": 0.0,
            "recall": 0.0,
            "f1-score": 0.0,
            "support": 2
        },
        "70": {
            "precision": 0.5,
            "recall": 1.0,
            "f1-score": 0.6666666666666666,
            "support": 1
        },
        "71": {
            "precision": 1.0,
            "recall": 1.0,
            "f1-score": 1.0,
            "support": 1
        },
        "72": {
            "precision": 0.0,
            "recall": 0.0,
            "f1-score": 0.0,
            "support": 1
        },
        "75": {
            "precision": 0.0,
            "recall": 0.0,
            "f1-score": 0.0,
            "support": 3
        },
        "77": {
            "precision": 0.0,
            "recall": 0.0,
            "f1-score": 0.0,
            "support": 2
        },
        "78": {
            "precision": 0.0,
            "recall": 0.0,
            "f1-score": 0.0,
            "support": 0
        },
        "81": {
            "precision": 0.0,
            "recall": 0.0,
            "f1-score": 0.0,
            "support": 1
        },
        "82": {
            "precision": 0.0,
            "recall": 0.0,
            "f1-score": 0.0,
            "support": 0
        },
        "83": {
            "precision": 0.0,
            "recall": 0.0,
            "f1-score": 0.0,
            "support": 0
        },
        "84": {
            "precision": 0.0,
            "recall": 0.0,